﻿"Variable / Field Name","Form Name","Section Header","Field Type","Field Label","Choices, Calculations, OR Slider Labels","Field Note","Text Validation Type OR Show Slider Number","Text Validation Min","Text Validation Max",Identifier?,"Branching Logic (Show field only if...)","Required Field?","Custom Alignment","Question Number (surveys only)","Matrix Group Name","Matrix Ranking?","Field Annotation"
group,dsmc_reporting,"<div class=""rich-text-field-label""><p style=""text-align: center;"">Instructions</p> <p><span style=""font-weight: normal;"">This DSMC reporting tool contains every variable necessary to produce repeatable, automated DSMC reports. </span></p> <ol> <li>DO NOT<span style=""font-weight: normal;""> change variable names in this instrument. These variables must retain their names for the automated reporting to work properly. </span></li> <li><span style=""font-weight: normal;"">It's possible your project already contains some of these variables. </span><span style=""font-weight: normal;"">If so, we recommend replacing your existing variable with the variable in this instrument.<br /></span></li> <li><span style=""font-weight: normal;"">You may move the variables in this instrument into other instruments to better fit workflow. Just be sure to keep names. </span></li> </ol></div>",radio,"<div class=""rich-text-field-label""><p>Group</p> <p> </p> <p><span style=""color: #e03e2d;"">NOTE: You can change the groups to match your study. For now, the code will only recognize two arms. We are working to allow for more than two groups. <br /></span></p></div>","1, Weight Loss | 2, Control",,,,,,,,,,,,
scrn_dob,dsmc_reporting,,text,"Participant's Date of Birth",,,date_mdy,,,,,,,,,,
scrn_sex,dsmc_reporting,,radio," What is the participant's sex? ","1, Male | 2, Female | 3, Unknown",,,,,,,,,,,,
scrn_ethn,dsmc_reporting,,radio,"Is the patient of Hispanic, Latino/a, or Spanish origin?","2, Yes | 1, No | -1, Not provided or refused",,,,,,,,,,,,
scrn_race,dsmc_reporting,,radio,"What is the patient's race? (Select all that apply.)
","8, American Indian or Alaska Native | 4, Asian | 2, Black, African American, or African | 256, Middle Eastern or North African | 16, Native Hawaiian or Other Pacific Islanders | 1, White | 32, Other | 64, Prefer not to answer",,,,,,,,,,,,
scrn_race_otx,dsmc_reporting,,text,"If other, please specify",,,,,,,"[scrn_race] = '32'",,,,,,
scrn_address_zip,dsmc_reporting,,text,"Participant's Zip code",,,zipcode,,,,,,,,,,
scrn_date,dsmc_reporting,"Consort Diagram Values",text,"Screening date",,,date_mdy,,,,,,,,,,
screening_status,dsmc_reporting,,radio,"Subjects Pre-Consent Screening Status","1, Eligible | 2, Screen-Fail | 3, On-hold",,,,,,"[scrn_date] <> """"",,,,,,
ieq_scrnfail_rsn,dsmc_reporting,,dropdown,"<div class=""rich-text-field-label""><p>Pre-consent Screen-Fail Reason<br><br></p> <p><span style=""color: #e03e2d;"">NOTE: During project setup, you may change the answer choices to match your study's screen fail reason. The DSMC report will map to the updated reasons. </span></p></div>","1, Pre-consent reason 1 | 2, Pre-consent reason 2 | 3, Pre-consent reason 3 | 4, Pre-consent reason 4 | 5, Pre-consent reason 5",,,,,,"[screening_status] = '2'",,,,,,
consent_date,dsmc_reporting,,text,"Consent Date",,,date_mdy,,,,"[screening_status] = '1'",,,,,,
baseline_status,dsmc_reporting,,radio,"<div class=""rich-text-field-label""><p>Subject's Baseline Post-Consent Status<br /><br /></p> <p><span style=""font-weight: normal;"">This is the participant's pre-randomization status. If a participant screen-fails or withdraws before randomization be sure to mark it here. Once a participant randomizes, it should be left as ""Ready to randomize.""<br /></span></p></div>","1, Currently Screening | 2, Ready to randomize | 3, Screen Fail",,,,,,"[screening_status] = '1'",,,,,,
baseline_scrnfail_rsn,dsmc_reporting,,radio,"Baseline Screen Fail Reason","1, Screen fail due to inclusion / exclusion criteria | 2, Screen fail, elected not to continue",,,,,,"[baseline_status] = '3'",,,,,,
baseline_scrnfail_ie,dsmc_reporting,,dropdown,"<div class=""rich-text-field-label""><p>Screen Fail, Inclusion / Exclusion Reason</p> <p> </p> <p><span style=""color: #e03e2d;"">NOTE: During project setup, you may change the answer choices to match your study's screen fail reason. The DSMC report will map to the updated reasons. </span></p></div>","1, Reason 1 | 2, Reason 2 | 3, Reason 3",,,,,,"[baseline_scrnfail_rsn] = '1'",,,,,,
baseline_scrnfail_nocont,dsmc_reporting,,dropdown,"<div class=""rich-text-field-label""><p>Screen Fail, Elected Not To Continue Reason</p> <p> </p> <p><span style=""color: #e03e2d;"">NOTE: During project setup, you may change the answer choices to match your study's screen fail reason. The DSMC report will map to the updated reasons. </span></p></div>","1, No continue reason 1 | 2, No continue reason 2 | 3, No continue reason 3",,,,,,"[baseline_scrnfail_rsn] = '2'",,,,,,
baseline_date_scrnfail,dsmc_reporting,,text,"Date Screen-failed",,,date_mdy,,,,"[baseline_status] = '3'",,,,,,
rand_date,dsmc_reporting,,text,"Randomization Date",,,date_mdy,,,,"[baseline_status] = '2'",,,,,,
intervention_status,dsmc_reporting,,radio,"<div class=""rich-text-field-label""><p>Subject's Intervention Status</p> <p> </p> <p><span style=""font-weight: normal;"">This is the participant's status after randomization, during the intervention. This field should match the ""Participant Steps and Status"" field. <br /></span></p> <p> </p></div>","1, Actively on intervention | 2, Successfully completed | 3, Withdrawn willing to complete testing | 4, Withdrawn unwilling to complete testing | 5, Lost to Follow-up",,,,,,"[rand_date] <> """"",,,,,,
int_withdrew_date,dsmc_reporting,,text,"Date Withdrew",,,date_mdy,,,,"[intervention_status] = '3' or [intervention_status] = '4'",,,,,,
int_losttofollowup_date,dsmc_reporting,,text,"Date lost to followup",,,date_mdy,,,,"[intervention_status] = '5'",,,,,,
int_date_complete,dsmc_reporting,,text,"Date completed

",,,date_mdy,,,,"[intervention_status] = '2'",,,,,,
withdraw_rsn,dsmc_reporting,,dropdown,"<div class=""rich-text-field-label""><p>Reason for Withdrawal</p> <p> </p> <p><span style=""color: #e03e2d;"">NOTE: During project setup, you may change the answer choices to match your study's screen fail reason. The DSMC report will map to the updated reasons. </span></p></div>","1, Injury | 2, Illness | 3, Time | 4, Dissatisfaction | 5, Death | 7, Administratively Withdrawn | 6, Other",,,,,,"[intervention_status] = '3' or [intervention_status] = '4'",,,,,,
withdraw_rsn_otx,dsmc_reporting,,text,"Other reason for withdrawal",,,,,,,"[withdraw_rsn] = '6'",,,,,,
withdraw_rsn_admin,dsmc_reporting,,dropdown,"Reason Administratively Withdrawn","1, Administrative reason 1 | 2, Administrative reason 2",,,,,,"[withdraw_rsn] = '7'",,,,,,
