﻿"Variable / Field Name","Form Name","Section Header","Field Type","Field Label","Choices, Calculations, OR Slider Labels","Field Note","Text Validation Type OR Show Slider Number","Text Validation Min","Text Validation Max",Identifier?,"Branching Logic (Show field only if...)","Required Field?","Custom Alignment","Question Number (surveys only)","Matrix Group Name","Matrix Ranking?","Field Annotation"
deviation_date,protocol_deviation,,text,"Date of Deviation",,,date_ymd,2021-11-01,,,,,,,,,
deviation_date_indentified,protocol_deviation,,text,"Date Identified",,,date_ymd,2021-11-01,,,,,,,,,
ae_dev_or_vio,protocol_deviation,,radio,"<div class=""rich-text-field-label""><p>Deviation or Violation</p> <p> </p> <p>Examples of Violations</p> <ul> <li><span style=""font-weight: normal;"">affects the rights and welfare of the subject(s).</span></li> <li><span style=""font-weight: normal;"">affects the integrity of the research data.</span></li> <li><span style=""font-weight: normal;"">increases the risk of harm for one or more subjects.</span></li> <li><span style=""font-weight: normal;"">caused actual harm.</span></li> </ul></div>","1, Deviation | 2, Violation",,,,,,,,,,,,
deviation_type,protocol_deviation,,dropdown,"<div class=""rich-text-field-label""><p>Type of Deviation</p> <p><span style=""color: #e03e2d;"">NOTE: Upon installation of the instrument, these may be changed to fit your project and they will map to the DSM report. </span></p></div>","1, Did not meet inclusion/exclusion criteria | 2, Fast did not occur before assessment | 3, Participant taking concomitant drugs which are not allowed | 4, Assessment outside protocol window | 5, Failure to obtain informed consent | 6, Missing data due to coordinator error | 7, Outside 20-day randomization to intervention start window | 8, Outside 90-day consent to intervention start window",,,,,,,,,,,,
deviation_description,protocol_deviation,,notes,"Deviation Description",,,,,,,,,,,,,
deviation_who_identified,protocol_deviation,,dropdown,"How was the non-compliance identified?","1, Study Team | 2, Sponsor Monitor / Auditor | 3, KUMC Quality Assurance Review | 4, Other",,,,,,,,,,,,
deviation_who_other,protocol_deviation,,text,"If other, who?",,,,,,,"[deviation_who_identified] = '4'",,,,,,
deviation_ae,protocol_deviation,,yesno,"Resulted in AE?",,,,,,,,,,,,,
deviation_pt_continue,protocol_deviation,,yesno,"Did Subject Continue in Study?",,,,,,,,,,,,,
deviation_reporting_crit,protocol_deviation,,descriptive,"<div class=""rich-text-field-label""><p><a href=""https://www.kumc.edu/research/research-administration/institutional-review-board/how-to-submit-to-the-irb/reporting-new-information-/-events.html"">IRB Reporting Information</a><br /><br /><a href=""https://redcap.kumc.edu/surveys/?s=8AYJCWNW4F"">Reporting Form</a><br /><br />Do not meet the IRB reporting criteria:</p> <ul> <li><span style=""font-weight: normal;"">Study visits occurring outside the protocol required time frame due to participant schedule</span></li> <li><span style=""font-weight: normal;"">Study activities performed close to, but not precisely at the time points specified in the protocol.</span><br /><br /></li> </ul> <p>Meet the IRB reporting criteria:</p> <ul> <li><span style=""font-weight: normal;"">Failure to obtain informed consent or re-consent when required by the IRB.</span></li> <li><span style=""font-weight: normal;"">Modifying the protocol without IRB approval, except to avoid immediate hazard to subjects.</span></li> <li><span style=""font-weight: normal;"">Conducting the research prior to IRB approval, during an IRB suspension or after IRB approval ends.</span><br /><br /></li> <li><span style=""font-weight: normal;"">Noncompliance affects the rights and welfare of the subject(s).</span></li> <li><span style=""font-weight: normal;"">Noncompliance affects the integrity of the research data.</span></li> <li><span style=""font-weight: normal;"">Noncompliance increases the risk of harm for one or more subjects.</span></li> <li><span style=""font-weight: normal;"">Noncompliance caused actual harm.</span><br /><br /></li> </ul></div>",,,,,,,,,,,,,
deviation_report,protocol_deviation,,yesno,"Meets IRB Reporting Requirements",,,,,,,,,,,,,
deviation_report_reason,protocol_deviation,,dropdown,"Reason Reporting Required","1, Failure to obtain informed consent or re-consent when required by the IRB. | 2, Modifying the protocol without IRB approval, except to avoid immediate hazard to subjects. | 3, Conducting the research prior to IRB approval, during an IRB suspension or after IRB approval ends. | 4, Noncompliance affects the rights and welfare of the subject(s). | 5, Noncompliance affects the integrity of the research data. | 6, Noncompliance increases the risk of harm for one or more subjects. | 7, Noncompliance caused actual harm. | 8, Other",,,,,,"[deviation_report] = '1'",,,,,,
deviation_report_other,protocol_deviation,,text,"If other, what?",,,,,,,"[deviation_report_reason] = '8'",,,,,,
deviation_report_date,protocol_deviation,,text,"Date Reported to IRB",,,date_ymd,2021-11-01,,,"[deviation_report] = '1'",,,,,,
deviation_sig,protocol_deviation,,text,"PI Signature Line",,,,,,,,,,,,,
deviation_sig_confirm,protocol_deviation,,yesno,"Has PI Signed Form?",,,,,,,,,,,,,
deviation_sig_date,protocol_deviation,,text,"Date of PI Signature",,,date_ymd,,,,,,,,,,
